,Frag_number,Genotype,Recovery_tank,Recovery_notes,Heat_stress_tank,ERL_tank_number,Tank_treatment,Disease_treatment?,D_touch_tank,D_treatment,Jar_allocation,sample_tubes,photos_initial,photo_number,photo_bw_hole,Initial_health,initial_notes,D_touch_tank,Jar_allocation,8aug_health,sampled,tube_number_if_sampled,photo(number),photo(bw_hole),notes,9aug_health,sampled,tube_number_if_sampled,photo(number),photo(bw_hole),notes,Jar_allocation,10aug_health,sampled,tube_number_if_sampled,photo(number),photo(bw_hole),notes,Jar_allocation,11aug_health,sampled,tube_number_if_sampled,photo(number),photo(bw_hole),notes,Jar_allocation,12aug_health,sampled,tube_number_if_sampled,photo(number),photo(bw_hole),notes,Jar_allocation,13aug_health,sampled,tube_number_if_sampled,photo(number),photo(bw_hole),notes,Jar_allocation,14aug_health,sampled,tube_number_if_sampled,photo(number),photo(bw_hole),notes,Jar_allocation,15aug_health,sampled,tube_number_if_sampled,photo(number),photo(bw_hole),notes,Jar_allocation,16aug_health,sampled,tube_number_if_sampled,photo(number),photo(bw_hole),notes,Jar_allocation,17aug_health,sampled,tube_number_if_sampled,photo(number),photo(bw_hole),notes,Frag_number
54,58,CN4,2,ok,9,13,ambient,disease,1,placebo_slurry,1,1,yes,1,2,healthy,,1,1,healthy,no,,,,,healthy ,,,,,,1,healthy ,,,,,,1,healthy ,,,,,,1,healthy ,,,,,,1,healthy ,,,,,,1,healthy ,,,,,,1,healthy ,,,,,,1,healthy ,,,,,,1,healthy ,,220,1,2,,58
19,86,CN2,1,ok,10,15,heat,disease,1,s_m_placebo,2,2,yes,3,4,healthy,,1,2,healthy,no,,,,,healthy ,,,,,,2,healthy ,,,,,,2,healthy ,,,,,,2,healthy ,,,,,,2,healthy ,,,,,,2,healthy ,,,,,,2,healthy ,,,,,,2,healthy ,,,,,,2,healthy ,,221,3,4,,86
14,96,CN2,1,ok,3,4,ambient,disease,1,s_m_placebo,3,3,yes,5,6,healthy,,1,3,healthy,no,,,,,healthy ,,,,,,3,healthy ,,,,,,3,healthy ,,,,,,3,healthy ,,,,,,3,healthy ,,,,,,3,healthy ,,,,,,3,healthy ,,,,,,3,healthy ,,,,,,3,healthy ,,222,5,6,,96
133,143,HS1,4,ok,4,8,ambient,disease,1,disease_slurry,4,4,yes,7,8,healthy,,1,4,healthy,no,,,,,healthy ,,,,,,4,healthy ,,,,,,4,healthy ,,,,,,4,healthy ,,,,,,4,diseased,,,1,2,,4,diseased,,,1,2,,4,diseased,,,1,2,,4,diseased,yes,214,1,2,removed,4,dead,na,na,na,na,na,143
38,34,ML2,1,ok,4,8,ambient,disease,1,placebo_slurry,5,5,yes,9,10,healthy,,1,5,healthy ,no,,,,,healthy ,,,,,,5,healthy ,,,,,,5,healthy ,,,,,,5,healthy ,,,,,,5,healthy ,,,,,,5,healthy ,,,,,,5,healthy ,,,,,,5,healthy ,,,,,,5,healthy ,,223,7,8,,34
23,61,CN4,1,ok,9,13,ambient,disease,1,s_marcscens,6,"6,7",yes,11,12,healthy,,1,6,healthy ,no,,,,,healthy ,,,,,,6,healthy ,,,,,,6,healthy ,,,,,,6,healthy ,,,,,,6,healthy ,,,,,,6,healthy ,,,,,,6,healthy ,,,,,,6,healthy ,,,,,,6,healthy ,,"225,226",9,10,,61
108,127,HS1,3,ok,6,10,heat,disease,1,placebo_slurry,7,8,yes,13,14,healthy,,1,7,diseased,no-check_tomorrow,,1,2,,diseased,yes,191,1,2,,7,dead,,,93,94,removed,7,dead,na,na,na,na,na,7,dead,na,na,na,na,na,7,dead,na,na,na,na,na,7,dead,na,na,na,na,na,7,dead,na,na,na,na,na,7,dead,na,na,na,na,na,7,dead,na,na,na,na,na,127
153,173,ML2,4,ok,6,10,heat,disease,1,placebo_slurry,8,"9,10",yes,15,16,healthy,loose on plug,1,8,healthy,no,,,,,healthy ,,,,,,8,healthy ,,,,,,8,healthy ,,,,,,8,healthy ,,,,,,8,healthy ,,,,,,8,healthy ,,,,,,8,healthy ,,,,,,8,healthy ,,,,,,8,healthy ,,227,11,12,,173
1,98,CN2,1,ok,8,12,heat,disease,1,s_marcscens,9,11,yes,17,18,healthy,,1,9,healthy,no,,,,,healthy ,,,,,,9,healthy ,,,,,,9,healthy ,,,,,,9,healthy ,,,,,,9,healthy ,,,,,,9,healthy ,,,,,,9,healthy ,,,,,,9,healthy ,,,,,,9,healthy ,,228,13,14,,98
12,19,ML2,1,ok,7,11,ambient,disease,1,s_marcscens,10,12,yes,19,20,healthy,,1,10,healthy,no,,,,,healthy ,,,,,,10,healthy ,,,,,,10,healthy ,,,,,,10,healthy ,,,,,,10,healthy ,,,,,,10,healthy ,,,,,,10,healthy ,,,,,,10,healthy ,,,,,,10,healthy ,,229,15,16,,19
156,188,HS1,4,ok,5,9,heat,disease,1,s_m_placebo,11,"13,14",yes,21,22,healthy,,1,11,healthy,no,,,,,healthy ,,,,,,11,healthy ,,,,,,11,healthy ,,,,,,11,healthy ,,,,,,11,healthy ,,,,,,11,healthy ,,,,,,11,healthy ,,,,,,11,healthy ,,,,,,11,healthy ,,"230, 231",17,18,,188
127,139,HS1,3,ok,9,13,ambient,disease,1,s_marcscens,12,"15,16",yes,23,24,healthy,,1,12,healthy,no,,,,,healthy ,,,,,,12,healthy ,,,,,,12,healthy ,,,,,,12,healthy ,,,,,,12,healthy ,,,,,,12,healthy ,,,,,,12,healthy ,,,,,,12,healthy ,,,,,,12,healthy ,,232,19,20,,139
28,85,CN2,1,ok,10,15,heat,disease,1,placebo_slurry,13,17,yes,25,26,healthy,,1,13,healthy,no,,,,,healthy ,,,,,,13,healthy ,,,,,,13,healthy ,,,,,,13,healthy ,,,,,,13,healthy ,,,,,,13,healthy ,,,,,,13,healthy ,,,,,,13,healthy ,,,,,,13,healthy ,,233,21,22,,85
83,140,HS1,2,ok,8,12,heat,disease,1,disease_slurry,14,18,yes,27,28,healthy,,1,14,diseased,YES,183,3,4,,diseased,,,3,4,,14,diseased,,,95,96,,14,dead,yes,206,135,136,removed,14,dead,na,na,na,na,na,14,dead,na,na,na,na,na,14,dead,na,na,na,na,na,14,dead,na,na,na,na,na,14,dead,na,na,na,na,na,14,dead,na,na,na,na,na,140
119,64,CN4,3,ok,6,10,heat,disease,1,placebo_slurry,15,19,yes,29,30,healthy,,1,15,healthy,no,,,,,diseased,,,33,34,,15,diseased,,,97,98,,15,diseased,,,133,134,,15,diseased,yes,204,1,2,CHECK THIS EVENING,15,dead,,,3,4,removed,15,dead,na,na,na,na,na,15,dead,na,na,na,na,na,15,dead,na,na,na,na,na,15,dead,na,na,na,na,na,64
20,167,CN2,1,ok,4,8,ambient,disease,1,disease_slurry,16,"20,21",yes,31,32,healthy,,1,16,healthy,no,,,,,healthy ,,,,,,16,healthy ,,,,,,16,healthy ,,,,,,16,healthy ,,,,,,16,healthy ,,,,,,16,healthy ,,,,,,16,healthy ,,,,,,16,diseased,,,3,4,,16,diseased,,235,25,26,,167
142,9,ML2,4,ok,1,1,heat,disease,1,s_m_placebo,17,22,yes,33,34,healthy,,1,17,healthy,no,,,,,healthy ,,,,,,17,healthy ,,,,,,17,healthy ,,,,,,17,healthy ,,,,,,17,healthy ,,,,,,17,healthy ,,,,,,17,healthy ,,,,,,17,healthy ,,,,,,17,diseased,,234,23,24,,9
109,131,HS1,3,ok,8,12,heat,disease,1,disease_slurry,18,23,yes,35,36,healthy,,1,18,diseased,no-check_tomorrow,,5,6,,dead,,,5,6,,18,dead,na,na,na,na,na,18,dead,na,na,na,na,na,18,dead,na,na,na,na,na,18,dead,na,na,na,na,na,18,dead,na,na,na,na,na,18,dead,na,na,na,na,na,18,dead,na,na,na,na,na,18,dead,na,na,na,na,na,131
146,137,HS1,4,ok,4,8,ambient,disease,1,disease_slurry,19,24,yes,37,194,unhealthy,uneven in pic,1,19,diseased,no-check_tomorrow,,7,8,,diseased ,,,7,8,no-check_tomorrow,19,healthy ,,,99,100,,19,healthy ,,,,,,19,healthy ,,,,,,19,diseased,,,5,6,,19,diseased,,,3,4,,19,diseased,,,3,4,,19,diseased,,,5,6,,19,diseased,,236,27,28,,137
50,75,CN4,2,ok,10,15,heat,disease,1,s_marcscens,20,25,yes,195,196,healthy,,1,20,healthy,no,,,,,healthy ,,,,,,20,healthy ,,,,,,20,healthy ,,,,,,20,healthy ,,,,,,20,healthy ,,,,,,20,healthy ,,,,,,20,healthy ,,,,,,20,healthy ,,,,,,20,healthy ,,237,29,30,,75
62,113,CN2,2,ok,3,4,ambient,disease,1,disease_slurry,21,26,yes,197,198,healthy,,1,21,healthy,no,,,,,healthy ,,,,,,21,healthy ,,,,,,21,healthy ,,,,,,21,healthy ,,,,,,21,diseased,,,7,8,,21,diseased,,,5,6,,21,diseased,,,5,6,,21,diseased,,,7,8,,21,diseased,,"238,239",31,32,,113
27,87,CN2,1,ok,8,12,heat,disease,1,placebo_slurry,22,"27,28",yes,199,200,healthy,,1,22,healthy,no,,,,,healthy ,,,,,,22,healthy ,,,,,,22,healthy ,,,,,,22,healthy ,,,,,,22,healthy ,,,,,,22,healthy ,,,,,,22,healthy ,,,,,,22,healthy ,,,,,,22,healthy ,,240,33,34,,87
143,105,CN2,4,ok,4,8,ambient,disease,1,placebo_slurry,23,29,yes,201,202,healthy,,1,23,healthy,no,,,,,healthy ,,,,,,23,healthy ,,,,,,23,healthy ,,,,,,23,healthy ,,,,,,23,healthy ,,,,,,23,healthy ,,,,,,23,healthy ,,,,,,23,healthy ,,,,,,23,healthy ,,241,35,36,,105
66,17,ML2,2,ok,8,12,heat,disease,1,s_marcscens,24,30,yes,203,204,healthy,,1,24,healthy,no,,,,,healthy ,,,,,,24,healthy ,,,,,,24,healthy ,,,,,,24,healthy ,,,,,,24,healthy ,,,,,,24,healthy ,,,,,,24,healthy ,,,,,,24,healthy ,,,,,,24,healthy ,,242,37,38,,17
22,26,ML2,1,ok,3,4,ambient,disease,1,s_m_placebo,25,"31,32",yes,205,206,healthy,,1,25,healthy,no,,,,,healthy ,,,,,,25,healthy ,,,,,,25,healthy ,,,,,,25,healthy ,,,,,,25,healthy ,,,,,,25,healthy ,,,,,,25,healthy ,,,,,,25,healthy ,,,,,,25,healthy ,,243,39,40,,26
169,178,CN4,4,ok,7,11,ambient,disease,1,disease_slurry,26,33,yes,207,208,healthy,,1,26,healthy,no,,,,,healthy ,,,,,,26,healthy ,,,,,,26,healthy ,,,,,,26,healthy ,,,,,,26,healthy ,,,,,,26,diseased,,,7,8,,26,diseased,,,7,8,,26,diseased,,,9,10,,26,diseased,,"244,245",41,42,,178
40,161,HS1,1,ok,9,13,ambient,disease,1,s_m_placebo,27,34,yes,209,210,healthy,,1,27,healthy,no,,,,,healthy ,,,,,,27,healthy ,,,,,,27,healthy ,,,,,,27,healthy ,,,,,,27,healthy ,,,,,,27,healthy ,,,,,,27,healthy ,,,,,,27,healthy ,,,,,,27,healthy ,,246,43,44,,161
13,49,CN4,1,ok,3,4,ambient,disease,1,s_m_placebo,28,35,yes,211,212,healthy,,1,28,healthy ,no,,,,,healthy ,,,,,,28,healthy ,,,,,,28,healthy ,,,,,,28,healthy ,,,,,,28,healthy ,,,,,,28,healthy ,,,,,,28,healthy ,,,,,,28,healthy ,,,,,,28,healthy ,,247,45,46,,49
160,159,HS1,4,ok,3,4,ambient,disease,1,disease_slurry,29,36,yes,213,214,healthy,,1,29,dead,no-no_tissue,,9,10,,dead,no-no_tissue,,,,REMOVED,29,dead,na,na,na,na,na,29,dead,na,na,na,na,na,29,dead,na,na,na,na,na,29,dead,na,na,na,na,na,29,dead,na,na,na,na,na,29,dead,na,na,na,na,na,29,dead,na,na,na,na,na,29,dead,na,na,na,na,na,159
34,4,ML2,1,ok,2,3,ambient,disease,1,disease_slurry,30,37,yes,215,216,healthy,,1,30,healthy,no,,,,,healthy,,,,,,30,healthy ,,,,,,30,healthy ,,,,,,30,healthy ,,,,,,30,healthy ,,,,,,30,diseased,,,9,10,,30,diseased,,,9,10,,30,diseased,,,11,12,,30,diseased,,248,47,48,,4
5,144,HS1,1,ok,8,12,heat,disease,1,s_m_placebo,31,38,yes,217,218,unhealthy,,1,31,diseased,YES,184,11,12,,diseased,,,9,10,,31,dead,,,101,102,removed,31,dead,na,na,na,na,na,31,dead,na,na,na,na,na,31,dead,na,na,na,na,na,31,dead,na,na,na,na,na,31,dead,na,na,na,na,na,31,dead,na,na,na,na,na,31,dead,na,na,na,na,na,144
75,51,CN4,2,ok,5,9,heat,disease,1,s_marcscens,32,39,yes,219,220,healthy,,1,32,healthy,no,,,,,healthy,,,,,,32,healthy ,,,,,,32,healthy ,,,,,,32,healthy ,,,,,,32,diseased,,,9,10,,32,diseased,,,11,12,,32,diseased,,,11,12,,32,diseased,yes,215,13,14,check this evening,32,diseased,,"249,250",49,50,,51
124,170,ML2,3,ok,10,15,heat,disease,1,disease_slurry,33,40,yes,221,222,healthy,,1,33,healthy ,no,,,,,healthy,,,,,,33,healthy ,,,,,,33,healthy ,,,,,,33,diseased,,,5,6,,33,diseased,,,11,12,,33,diseased,,,13,14,check before leaving,33,dead,yes,210,13,14,removed,33,dead,na,na,na,na,na,33,dead,na,na,na,na,na,170
111,163,CN2,3,ok,6,10,heat,disease,1,disease_slurry,34,"41,42",yes,223,224,healthy,,1,34,healthy ,no,,,,,diseased,,,35,36,,34,diseased,,,103,104,,34,dead,,,137,138,removed,34,dead,na,na,na,na,na,34,dead,na,na,na,na,na,34,dead,na,na,na,na,na,34,dead,na,na,na,na,na,34,dead,na,na,na,na,na,34,dead,na,na,na,na,na,163
131,109,CN2,4,ok,9,13,ambient,disease,1,s_marcscens,35,43,yes,225,226,healthy,,1,35,healthy ,no,,,,,healthy,,,,,,35,healthy ,,,,,,35,healthy ,,,,,,35,healthy ,,,,,,35,healthy ,,,,,,35,healthy ,,,,,,35,healthy ,,,,,,35,healthy ,,,,,,35,healthy ,,251,51,52,,109
31,43,CN4,1,ok,6,10,heat,disease,1,s_marcscens,36,"44,45",yes,227,228,healthy,,1,36,healthy ,no,,,,,diseased,,,37,38,,36,diseased,,,105,106,,36,diseased,,,139,140,,36,diseased,,,3,4,,36,diseased,yes,"207, 208",13,14,check this evening,36,dead,,,15,16,removed,36,dead,na,na,na,na,na,36,dead,na,na,na,na,na,36,dead,na,na,na,na,na,43
59,50,CN4,2,ok,4,8,ambient,disease,1,placebo_slurry,37,46,yes,229,230,healthy,,1,37,healthy ,no,,,,,healthy,,,,,,37,healthy ,,,,,,37,healthy ,,,,,,37,healthy ,,,,,,37,healthy ,,,,,,37,healthy ,,,,,,37,healthy ,,,,,,37,healthy ,,,,,,37,healthy ,,252,53,54,,50
26,15,ML2,1,ok,9,13,ambient,disease,1,disease_slurry,38,47,yes,231,232,healthy,,1,38,healthy,no,,,,,diseased,,,39,40,,38,diseased,yes,197,107,108,,38,dead,,,141,142,removed,38,dead,na,na,na,na,na,38,dead,na,na,na,na,na,38,dead,na,na,na,na,na,38,dead,na,na,na,na,na,38,dead,na,na,na,na,na,38,dead,na,na,na,na,na,15
100,45,CN4,3,ok,10,15,heat,disease,1,disease_slurry,39,"48,49",yes,233,234,healthy,loose on plug,1,39,healthy ,no,,,,,healthy,,,,,,39,healthy ,,,,,,39,healthy ,,,,,,39,healthy ,,,,,,39,diseased,,,15,16,"check this evening; fell off plug, diseased side is number side",39,diseased,,,17,18,disease side number side,39,diseased,,,15,16,disease side number side,39,diseased,,,15,16,disease side number side,39,diseased,,253,55,56,,45
64,35,ML2,2,ok,10,15,heat,disease,1,placebo_slurry,40,50,yes,235,236,healthy,,1,40,healthy ,no,,,,,healthy,,,,,,40,healthy ,,,,,,40,healthy ,,,,,,40,healthy ,,,,,,40,healthy ,,,,,,40,healthy ,,,,,,40,healthy ,,,,,,40,healthy ,,,,,,40,healthy ,,254,57,58,,35
6,80,CN4,1,ok,4,8,ambient,disease,2,disease_slurry,1,"51,52",yes,237,238,healthy,off plug,2,1,diseased,YES,"185, 186",13,14,,diseased,,,11,12,,1,dead,,,109,110,removed,1,dead,na,na,na,na,na,1,dead,na,na,na,na,na,1,dead,na,na,na,na,na,1,dead,na,na,na,na,na,1,dead,na,na,na,na,na,1,dead,na,na,na,na,na,1,dead,na,na,na,na,na,80
71,52,CN4,2,ok,1,1,heat,disease,2,s_m_placebo,2,53,yes,239,240,healthy,,2,2,healthy,no,,,,,healthy,,,,,,2,healthy ,,,,,,2,healthy ,,,,,,2,healthy ,,,,,,2,healthy ,,,,,,2,healthy ,,,,,,2,healthy ,,,,,,2,healthy ,,,,,,2,healthy ,,255,,,,52
7,91,CN2,1,ok,5,9,heat,disease,2,disease_slurry,3,54,yes,241,242,healthy,,2,3,healthy,no,,,,,healthy,,,,,,3,healthy ,,,,,,3,diseased,,,143,144,,3,diseased,,,9,10,,3,diseasd,,,17,18,check this evening,3,diseased,,,19,20,,3,diseased,,,17,18,,3,diseased,yes,216,17,18,check this evening,3,diseased,,256,59,60,,91
125,81,CN4,3,ok,8,12,heat,disease,2,s_marcscens,4,55,yes,243,244,healthy,,2,4,healthy,no,,,,,diseased ,,,41,42,,4,diseased,,,111,112,,4,dead,no tissue,,145,146,removed,4,dead,na,na,na,na,na,4,dead,na,na,na,na,na,4,dead,na,na,na,na,na,4,dead,na,na,na,na,na,4,dead,na,na,na,na,na,4,dead,na,na,na,na,na,81
144,20,ML2,4,ok,5,9,heat,disease,2,s_m_placebo,5,"56,57",yes,245,246,healthy,,2,5,diseased,no-check_tomorrow,,19,20,,diseased ,,,13,14,no-check_tomorrow,5,diseased,yes,198,113,114,,5,dead,,,147,148,removed,5,dead,na,na,na,na,na,5,dead,na,na,na,na,na,5,dead,na,na,na,na,na,5,dead,na,na,na,na,na,5,dead,na,na,na,na,na,5,dead,na,na,na,na,na,20
149,92,CN2,4,ok,2,3,ambient,disease,2,placebo_slurry,6,58,yes,247,248,healthy,,2,6,diseased,YES,187,17,18,,diseased ,,,15,16,,6,diseased,,,115,116,,6,diseased,,,149,150,,6,diseased,,,11,12,,6,diseased,,,19,20,check this evening,6,diseased,,,21,22,check this evening,6,diseased,,,19,20,check this evening,6,diseased,,,19,20,check this evening,6,diseased,,257,61,62,,92
99,70,CN4,3,ok,6,10,heat,disease,2,placebo_slurry,7,59,yes,249,250,healthy,,2,7,healthy,no,,,,,healthy ,,,,,,7,healthy ,,,,,,7,healthy ,,,,,,7,healthy ,,,,,,7,healthy ,,,,,,7,healthy ,,,,,,7,healthy ,,,,,,7,healthy ,,,,,,7,healthy ,,258,,,,70
35,39,ML2,1,ok,3,4,ambient,disease,2,s_m_placebo,8,60,yes,251,252,healthy,,2,8,diseased,YES,188,15,16,,diseased,,,17,18,,8,diseased,,,117,118,,8,diseased,,,151,152,,8,diseased,,,7,8,,8,diseased,,,21,22,check this evening,8,diseased,,,23,24,,8,diseased,,,21,22,,8,diseased,,,21,22,check this evening,8,diseased,,259,63,65,,39
58,14,ML2,2,ok,7,11,ambient,disease,2,disease_slurry,9,61,yes,253,254,healthy,,2,9,healthy,no,,,,,healthy ,,,,,,9,healthy ,,,,,,9,healthy ,,,,,,9,healthy ,,,,,,9,diseased,,,23,24,,9,diseased,,,25,26,,9,diseased,,,23,24,,9,diseased,,,23,24,,9,diseased,,260,66,67,,14
91,138,HS1,3,ok,6,10,heat,disease,2,s_m_placebo,10,62,yes,255,256,healthy,,2,10,healthy,no,,,,,healthy ,,,,,,10,healthy ,,,,,,10,healthy ,,,,,,10,healthy ,,,,,,10,healthy ,,,,,,10,healthy ,,,,,,10,healthy ,,,,,,10,healthy ,,,,,,10,healthy ,,261,,,,138
49,130,HS1,2,ok,7,11,ambient,disease,2,s_m_placebo,11,63,yes,257,258,healthy,,2,11,healthy,no,,,,,healthy ,,,,,,11,healthy ,,,,,,11,healthy ,,,,,,11,healthy ,,,,,,11,healthy ,,,,,,11,healthy ,,,,,,11,healthy ,,,,,,11,healthy ,,,,,,11,healthy ,,262,,,,130
136,67,CN4,4,ok,7,11,ambient,disease,2,placebo_slurry,12,64,yes,259,260,healthy,,2,12,healthy,no,,,,,healthy ,,,,,,12,healthy ,,,,,,12,healthy ,,,,,,12,healthy ,,,,,,12,healthy ,,,,,,12,healthy ,,,,,,12,healthy ,,,,,,12,healthy ,,,,,,12,healthy ,,263,,,,67
106,114,CN2,3,ok,5,9,heat,disease,2,s_m_placebo,13,65,yes,261,262,healthy,,2,13,healthy,no,,,,,healthy ,,,,,,13,healthy ,,,,,,13,healthy ,,,,,,13,healthy ,,,,,,13,healthy ,,,,,,13,healthy ,,,,,,13,healthy ,,,,,,13,healthy ,,,,,,13,healthy ,,264,,,,114
51,88,CN2,2,ok,5,9,heat,disease,2,placebo_slurry,14,66,yes,263,264,healthy,,2,14,healthy,no,,,,,healthy ,,,,,,14,healthy ,,,,,,14,healthy ,,,,,,14,healthy ,,,,,,14,healthy ,,,,,,14,healthy ,,,,,,14,healthy ,,,,,,14,healthy ,,,,,,14,healthy ,,265,,,,88
117,165,CN2,3,ok,7,11,ambient,disease,2,s_marcscens,15,67,yes,265,266,healthy,,2,15,healthy,no,,,,,healthy ,,,,,,15,healthy ,,,,,,15,healthy ,,,,,,15,healthy ,,,,,,15,healthy ,,,,,,15,healthy ,,,,,,15,healthy ,,,,,,15,healthy ,,,,,,15,healthy ,,266,,,,165
84,108,CN2,2,ok,2,3,ambient,disease,2,s_marcscens,16,68,yes,267,268,healthy,,2,16,healthy,no,,,,,diseased,YES,193,43,44,,16,dead,na,na,na,na,na,16,dead,na,na,na,na,removed,16,dead,na,na,na,na,na,16,dead,na,na,na,na,na,16,dead,na,na,na,na,na,16,dead,na,na,na,na,na,16,dead,na,na,na,na,na,16,dead,na,na,na,na,na,108
159,120,CN2,4,ok,5,9,heat,disease,2,disease_slurry,17,69,yes,269,270,healthy,,2,17,healthy,no,,,,,healthy ,,,,,,17,healthy ,,,,,,17,healthy ,,,,,,17,healthy ,,,,,,17,healthy ,,,,,,17,healthy ,,,,,,17,diseased,,,25,26,,17,diseased,,,25,26,,17,diseased,,267,69,70,,120
68,30,ML2,2,ok,9,13,ambient,disease,2,s_m_placebo,18,70,yes,271,272,healthy,,2,18,healthy,no,,,,,healthy ,,,,,,18,healthy ,,,,,,18,healthy ,,,,,,18,healthy ,,,,,,18,healthy ,,,,,,18,healthy ,,,,,,18,healthy ,,,,,,18,healthy ,,,,,,18,healthy ,,268,,,,30
30,186,HS1,1,ok,7,11,ambient,disease,2,s_m_placebo,19,71,yes,273,274,healthy,,2,19,healthy,no,,,,,healthy ,,,,,,19,healthy ,,,,,,19,healthy ,,,,,,19,healthy ,,,,,,19,healthy ,,,,,,19,healthy ,,,,,,19,healthy ,,,,,,19,healthy ,,,,,,19,healthy ,,269,,,,186
114,125,HS1,3,ok,1,1,heat,disease,2,placebo_slurry,20,72,yes,275,276,healthy,,2,20,healthy,no,,,,,healthy ,,,,,,20,healthy ,,,,,,20,healthy ,,,,,,20,healthy ,,,,,,20,healthy ,,,,,,20,healthy ,,,,,,20,healthy ,,,,,,20,healthy ,,,,,,20,healthy ,,270,,,,125
164,89,CN2,4,ok,4,8,ambient,disease,2,placebo_slurry,21,73,yes,277,278,healthy,,2,21,healthy,no,,,,,healthy ,,,,,,21,healthy ,,,,,,21,healthy ,,,,,,21,healthy ,,,,,,21,healthy ,,,,,,21,healthy ,,,,,,21,healthy ,,,,,,21,healthy ,,,,,,21,healthy ,,271,,,,89
145,157,HS1,4,ok,3,4,ambient,disease,2,placebo_slurry,22,74,yes,279,280,healthy,,2,22,healthy ,no,,,,,healthy ,,,,,,22,healthy ,,,,,,22,healthy ,,,,,,22,healthy ,,,,,,22,healthy ,,,,,,22,healthy ,,,,,,22,healthy ,,,,,,22,healthy ,,,,,,22,healthy ,,272,,,,157
98,56,CN4,3,ok,5,9,heat,disease,2,s_marcscens,23,75,yes,281,282,healthy,,2,23,healthy,no,,,,,healthy ,,,,,,23,healthy ,,,,,,23,diseased,,,153,154,,23,diseased,,,13,14,,23,diseased,,,25,26,,23,diseased,,,27,28,,23,diseased,,,27,28,check this evening,23,diseased,yes,217,27,28,,23,dead,,,71,72,removed,56
150,182,CN4,4,ok,7,11,ambient,disease,2,s_m_placebo,24,76,yes,283,284,healthy,,2,24,healthy,no,,,,,healthy ,,,,,,24,healthy ,,,,,,24,healthy ,,,,,,24,healthy ,,,,,,24,healthy ,,,,,,24,healthy ,,,,,,24,healthy ,,,,,,24,healthy ,,,,,,24,healthy ,,273,,,,182
72,103,CN2,2,ok,7,11,ambient,disease,2,disease_slurry,25,77,yes,285,286,healthy,,2,25,healthy,no,,,,,healthy ,,,,,,25,healthy ,,,,,,25,healthy ,,,,,,25,healthy ,,,,,,25,healthy ,,,,,,25,healthy ,,,,,,25,healthy ,,,,,,25,healthy ,,,,,,25,healthy ,,274,,,,103
69,13,ML2,2,ok,2,3,ambient,disease,2,s_marcscens,26,78,yes,287,288,healthy,,2,26,healthy,no,,,,,healthy ,,,,,,26,healthy ,,,,,,26,healthy ,,,,,,26,healthy ,,,,,,26,healthy ,,,,,,26,healthy ,,,,,,26,healthy ,,,,,,26,healthy ,,,,,,26,healthy ,,275,,,,13
113,55,CN4,3,ok,4,8,ambient,disease,2,s_marcscens,27,79,yes,289,290,healthy,,2,27,healthy,no,,,,,healthy ,,,,,,27,healthy ,,,,,,27,healthy ,,,,,,27,healthy ,,,,,,27,healthy ,,,,,,27,healthy ,,,,,,27,healthy ,,,,,,27,healthy ,,,,,,27,healthy ,,276,,,,55
76,147,HS1,2,ok,1,1,heat,disease,2,disease_slurry,28,80,yes,291,292,healthy,,2,28,healthy,no,,,,,healthy ,,,,,,28,healthy ,,,,,,28,healthy ,,,,,,28,healthy ,,,,,,28,healthy ,,,,,,28,healthy ,,,,,,28,healthy ,,,,,,28,healthy ,,,,,,28,healthy ,,277,,,,147
56,164,CN2,2,ok,6,10,heat,disease,2,placebo_slurry,29,"81,82",yes,293,294,healthy,,2,29,healthy,no,,,,,healthy ,,,,,,29,healthy ,,,,,,29,healthy ,,,,,,29,healthy ,,,,,,29,healthy ,,,,,,29,healthy ,,,,,,29,healthy ,,,,,,29,healthy ,,,,,,29,healthy ,,278,,,,164
73,134,HS1,2,ok,7,11,ambient,disease,2,placebo_slurry,30,83,yes,295,296,healthy,off plug,2,30,healthy,no,,,,,healthy ,,,,,,30,healthy ,,,,,,30,healthy ,,,,,,30,healthy ,,,,,,30,healthy ,,,,,,30,healthy ,,,,,,30,healthy ,,,,,,30,healthy ,,,,,,30,healthy ,,279,,,,134
41,5,ML2,1,ok,8,12,heat,disease,2,disease_slurry,31,84,yes,297,298,healthy,,2,31,healthy,no,,,,,healthy ,,,,,,31,healthy ,,,,,,31,healthy ,,,,,,31,diseased,,,15,16,,31,diseased,,,27,28,,31,diseased,,,29,30,,31,diseased,,,29,30,check this evening,31,diseased,yes,218,29,30,check this evening,31,diseased,,280,73,74,removed,5
16,185,HS1,1,ok,6,10,heat,disease,2,placebo_slurry,32,85,yes,299,300,unhealthy,,2,32,diseased,YES,"189, 190",21,22,,dead,,,19,20,removed,32,dead,na,na,na,na,na,32,dead,na,na,na,na,na,32,dead,na,na,na,na,na,32,dead,na,na,na,na,na,32,dead,na,na,na,na,na,32,dead,na,na,na,na,na,32,dead,na,na,na,na,na,32,dead,na,na,na,na,na,185
42,11,ML2,1,ok,4,8,ambient,disease,2,disease_slurry,33,86,yes,301,302,healthy,,2,33,healthy,no,,,,,healthy ,,,,,,33,healthy ,,,,,,33,healthy ,,,,,,33,healthy ,,,,,,33,healthy ,,,,,,33,healthy ,,,,,,33,healthy ,,,,,,33,healthy ,,,,,,33,healthy ,,281,,,,11
52,29,ML2,2,ok,10,15,heat,disease,2,s_marcscens,34,87,yes,303,304,healthy,,2,34,healthy,no,,,,,healthy ,,,,,,34,healthy ,,,,,,34,healthy ,,,,,,34,healthy ,,,,,,34,healthy ,,,,,,34,healthy ,,,,,,34,healthy ,,,,,,34,healthy ,,,,,,34,healthy ,,281,,,,29
80,47,CN4,2,ok,6,10,heat,disease,2,placebo_slurry,35,88,yes,305,306,healthy,,2,35,healthy,no,,,,,healthy ,,,,,,35,healthy ,,,,,,35,healthy ,,,,,,35,healthy ,,,,,,35,healthy ,,,,,,35,healthy ,,,,,,35,healthy ,,,,,,35,healthy ,,,,,,35,healthy ,,283,,,,47
123,174,ML2,3,ok,6,10,heat,disease,2,s_m_placebo,36,89,yes,307,308,healthy,,2,36,healthy,no,,,,,diseased,,,45,46,,36,diseased,,,121,122,,36,healthy ,,,,,,36,healthy ,,,,,,36,healthy ,,,,,,36,healthy ,,,,,,36,healthy ,,,,,,36,healthy ,,,,,,36,healthy ,,284,,,,174
139,66,CN4,4,ok,9,13,ambient,disease,2,s_m_placebo,37,90,yes,309,310,healthy,,2,37,diseased ,no-check_tomorrow,,23,24,,diseased,,,21,22,no-check_tomorrow,37,diseased,,,119,120,,37,diseased,,,155,156,,37,diseased,,,17,18,,37,diseased,,,29,30,,37,diseased,,,31,32,,37,diseased,yes,211,31,32,check this evening,37,dead,,,31,32,removed,37,dead,na,na,na,na,na,66
48,32,ML2,2,ok,6,10,heat,disease,2,s_marcscens,38,91,yes,311,312,healthy,,2,38,healthy,no,,,,,healthy ,,,,,,38,healthy ,,,,,,38,healthy ,,,,,,38,healthy ,,,,,,38,healthy ,,,,,,38,healthy ,,,,,,38,healthy ,,,,,,38,healthy ,,,,,,38,healthy ,,285,,,,32
129,136,HS1,3,ok,2,3,ambient,disease,2,disease_slurry,39,92,yes,313,314,healthy,off plug,2,39,healthy,no,,,,,healthy ,,,,,,39,healthy ,,,,,,39,healthy ,,,,,,39,healthy ,,,,,,39,healthy ,,,,,,39,healthy ,,,,,,39,healthy ,,,,,,39,healthy ,,,,,,39,healthy ,,286,,,,136
134,128,HS1,4,ok,6,10,heat,disease,2,s_m_placebo,40,93,yes,315,316,healthy,,2,40,healthy,no,,,,,healthy ,,,,,,40,healthy ,,,,,,40,healthy ,,,,,,40,healthy ,,,,,,40,healthy ,,,,,,40,healthy ,,,,,,40,healthy ,,,,,,40,healthy ,,,,,,40,healthy ,,287,,,,128
85,77,CN4,2,ok,7,11,ambient,disease,3,placebo_slurry,1,94,yes,38,39,healthy,,3,1,healthy,no,,,,,healthy ,,,,,,1,healthy ,,,,,,1,healthy ,,,,,,1,healthy ,,,,,,1,healthy ,,,,,,1,healthy ,,,,,,1,healthy ,,,,,,1,healthy ,,,,,,1,healthy ,,288,,,,77
148,74,CN4,4,ok,1,1,heat,disease,3,placebo_slurry,2,95,yes,40,41,healthy,,3,2,healthy,no,,,,,healthy ,,,,,,2,healthy ,,,,,,2,healthy ,,,,,,2,healthy ,,,,,,2,healthy ,,,,,,2,healthy ,,,,,,2,healthy ,,,,,,2,healthy ,,,,,,2,healthy ,,289,,,,74
96,102,CN2,3,ok,3,4,ambient,disease,3,s_m_placebo,3,96,yes,42,43,healthy,,3,3,healthy,no,,,,,healthy ,,,,,,3,healthy ,,,,,,3,healthy ,,,,,,3,healthy ,,,,,,3,healthy ,,,,,,3,healthy ,,,,,,3,healthy ,,,,,,3,healthy ,,,,,,3,healthy ,,290,,,,102
60,18,ML2,2,ok,6,10,heat,disease,3,s_marcscens,4,97,yes,44,45,healthy,,3,4,healthy,no,,,,,healthy ,,,,,,4,healthy ,,,,,,4,healthy ,,,,,,4,healthy ,,,,,,4,healthy ,,,,,,4,healthy ,,,,,,4,healthy ,,,,,,4,healthy ,,,,,,4,healthy ,,291,,,,18
15,68,CN4,1,ok,5,9,heat,disease,3,disease_slurry,5,98,yes,46,47,healthy,,3,5,healthy,no,,,,,healthy ,,,,,,5,healthy ,,,,,,5,healthy ,,,,,,5,healthy ,,,,,,5,diseased,,,31,32,,5,diseased,,,33,34,,5,diseased,,,33,34,,5,diseased,,,33,34,,5,diseased,,"292,293",,,,68
116,7,ML2,3,ok,7,11,ambient,disease,3,s_marcscens,6,99,yes,48,49,healthy,,3,6,healthy,no,,,,,healthy ,,,,,,6,healthy ,,,,,,6,healthy ,,,,,,6,healthy ,,,,,,6,healthy ,,,,,,6,healthy ,,,,,,6,healthy ,,,,,,6,healthy ,,,,,,6,healthy ,,294,,,,7
151,158,HS1,4,ok,2,3,ambient,disease,3,s_marcscens,7,100,yes,50,51,healthy,,3,7,healthy,no,,,,,healthy ,,,,,,7,healthy ,,,,,,7,healthy ,,,,,,7,healthy ,,,,,,7,healthy ,,,,,,7,healthy ,,,,,,7,healthy ,,,,,,7,healthy ,,,,,,7,healthy ,,295,,,,158
43,54,CN4,1,ok,3,4,ambient,disease,3,s_marcscens,8,101,yes,52,53,healthy,,3,8,healthy,no,,,,,healthy ,,,,,,8,healthy ,,,,,,8,healthy ,,,,,,8,healthy ,,,,,,8,healthy ,,,,,,8,healthy ,,,,,,8,healthy ,,,,,,8,healthy ,,,,,,8,healthy ,,296,,,,54
92,38,ML2,3,ok,3,4,ambient,disease,3,placebo_slurry,9,102,yes,54,55,healthy,,3,9,healthy,no,,,,,healthy ,,,,,,9,healthy ,,,,,,9,healthy ,,,,,,9,healthy ,,,,,,9,healthy ,,,,,,9,healthy ,,,,,,9,healthy ,,,,,,9,healthy ,,,,,,9,healthy ,,297,,,,38
97,132,HS1,3,ok,4,8,ambient,disease,3,s_marcscens,10,103,yes,56,57,healthy,,3,10,healthy,no,,,,,healthy ,,,,,,10,healthy ,,,,,,10,healthy ,,,,,,10,healthy ,,,,,,10,healthy ,,,,,,10,healthy ,,,,,,10,healthy ,,,,,,10,healthy ,,,,,,10,healthy ,,298,,,,132
107,115,CN2,3,ok,10,15,heat,disease,3,s_marcscens,11,"104,105",yes,58,59,healthy,,3,11,healthy,no,,,,,healthy ,,,,,,11,healthy ,,,,,,11,healthy ,,,,,,11,healthy ,,,,,,11,healthy ,,,,,,11,healthy ,,,,,,11,healthy ,,,,,,11,healthy ,,,,,,11,healthy ,,299,,,,115
126,150,HS1,3,ok,3,4,ambient,disease,3,disease_slurry,12,106,yes,60,61,healthy,,3,12,healthy,no,,,,,healthy ,,,,,,12,healthy ,,,,,,12,healthy ,,,,,,12,diseased,,,19,20,,12,diseased,,,33,34,,12,diseased,,,35,36,,12,diseased,,,35,36,,12,diseased,,,35,36,,12,diseased,,"300,301",75,76,,150
105,72,CN4,3,ok,10,15,heat,disease,3,s_m_placebo,13,107,yes,62,63,healthy,,3,13,healthy,no,,,,,healthy ,,,,,,13,healthy ,,,,,,13,healthy ,,,,,,13,healthy ,,,,,,13,healthy ,,,,,,13,healthy ,,,,,,13,healthy ,,,,,,13,healthy ,,,,,,13,healthy ,,302,,,,72
61,160,HS1,2,ok,5,9,heat,disease,3,s_marcscens,14,108,yes,64,65,unhealthy,,3,14,dead,no-no_tissue,,25,26,removed,dead,n/a,n/a,n/a,n/a,n/a,14,dead,n/a,n/a,n/a,n/a,n/a,14,dead,n/a,n/a,n/a,n/a,n/a,14,dead,n/a,n/a,n/a,n/a,n/a,14,dead,na,na,na,na,na,14,dead,na,na,na,na,na,14,dead,na,na,na,na,na,14,dead,na,na,na,na,na,14,dead,na,na,na,na,na,160
25,176,CN4,1,ok,9,13,ambient,disease,3,s_m_placebo,15,"109,110",yes,66,67,healthy,,3,15,healthy,no,,,,,healthy ,,,,,,15,healthy ,,,,,,15,healthy ,,,,,,15,healthy ,,,,,,15,healthy ,,,,,,15,healthy ,,,,,,15,healthy ,,,,,,15,healthy ,,,,,,15,healthy ,,303,,,,176
11,104,CN2,1,ok,9,13,ambient,disease,3,placebo_slurry,16,111,yes,68,69,healthy,,3,16,healthy,no,,,,,healthy ,,,,,,16,healthy ,,,,,,16,healthy ,,,,,,16,healthy ,,,,,,16,healthy ,,,,,,16,healthy ,,,,,,16,healthy ,,,,,,16,healthy ,,,,,,16,healthy ,,304,,,,104
70,154,HS1,2,ok,10,15,heat,disease,3,disease_slurry,17,112,yes,70,71,healthy,,3,17,healthy,no,,,,,healthy ,,,,,,17,healthy ,,,,,,17,healthy ,,,,,,17,healthy ,,,,,,17,diseased,,,35,36,,17,diseased,,,37,38,,17,diseased,,,37,38,,17,diseased,,,37,38,,17,diseased,,"305,306",77,78,very fluoro,154
89,135,HS1,3,ok,5,9,heat,disease,3,disease_slurry,18,113,no,na,na,dead,dead_but_sampled_and_removed,3,18,dead,no,n/a,n/a,n/a,removed,dead,n/a,n/a,n/a,n/a,n/a,18,dead,n/a,n/a,n/a,n/a,n/a,18,dead,n/a,n/a,n/a,n/a,n/a,18,dead,n/a,n/a,n/a,n/a,n/a,18,dead,na,na,na,na,na,18,dead,na,na,na,na,na,18,dead,na,na,na,na,na,18,dead,na,na,na,na,na,18,dead,na,na,na,na,na,135
155,118,CN2,4,ok,8,12,heat,disease,3,s_m_placebo,19,114,yes,72,73,healthy,,3,19,healthy,no,,,,,healthy ,,,,,,19,healthy ,,,,,,19,healthy ,,,,,,19,healthy ,,,,,,19,healthy ,,,,,,19,healthy ,,,,,,19,healthy ,,,,,,19,healthy ,,,,,,19,healthy ,,307,,,,118
82,6,ML2,2,ok,4,8,ambient,disease,3,placebo_slurry,20,115,yes,74,75,healthy,,3,20,healthy,no,,,,,healthy ,,,,,,20,healthy ,,,,,,20,healthy ,,,,,,20,healthy ,,,,,,20,healthy ,,,,,,20,healthy ,,,,,,20,healthy ,,,,,,20,healthy ,,,,,,20,healthy ,,308,,,,6
101,79,CN4,3,ok,2,3,ambient,disease,3,disease_slurry,21,116,yes,76,77,healthy,,3,21,healthy,no,,,,,healthy ,,,,,,21,healthy ,,,,,,21,healthy ,,,,,,21,healthy ,,,,,,21,healthy ,,,,,,21,healthy ,,,,,,21,healthy ,,,,,,21,healthy ,,,,,,21,healthy ,,309,,,,79
81,116,CN2,2,ok,2,3,ambient,disease,3,placebo_slurry,22,117,yes,78,79,healthy,,3,22,healthy,no,,,,,healthy ,,,,,,22,healthy ,,,,,,22,healthy ,,,,,,22,healthy ,,,,,,22,healthy ,,,,,,22,healthy ,,,,,,22,healthy ,,,,,,22,healthy ,,,,,,22,healthy ,,310,,,,116
55,71,CN4,2,ok,5,9,heat,disease,3,s_m_placebo,23,118,yes,80,81,healthy,,3,23,healthy,no,,,,,healthy ,,,,,,23,healthy ,,,,,,23,healthy ,,,,,,23,healthy ,,,,,,23,healthy ,,,,,,23,healthy ,,,,,,23,healthy ,,,,,,23,healthy ,,,,,,23,healthy ,,311,,,,71
3,187,HS1,1,ok,4,8,ambient,disease,3,s_marcscens,24,119,yes,82,83,healthy,,3,24,diseased ,no-check_tomorrow,,27,28,,diseased,,,23,24,no-check_tomorrow,24,healthy ,,,,,,24,healthy ,,,,,,24,healthy ,,,,,,24,healthy ,,,,,,24,healthy ,,,,,,24,healthy ,,,,,,24,healthy ,,,,,,24,healthy ,,312,,,,187
152,148,HS1,4,ok,10,15,heat,disease,3,placebo_slurry,25,120,yes,84,85,healthy,,3,25,diseased ,no-check_tomorrow,,31,32,,diseased,,,25,26,no-check_tomorrow,25,diseased,,,123,124,,25,diseased,,,161,162,,25,diseased,,,27,28,,25,diseased,,,37,38,disease number side,25,diseased,,,39,40,disease number side,25,diseased,,,39,40,,25,diseased,,,39,40,,25,diseased,,313,79,80,,148
36,1,ML2,1,ok,8,12,heat,disease,3,disease_slurry,26,121,yes,86,87,healthy,,3,26,healthy,no,,,,,healthy ,,,,,,26,healthy ,,,,,,26,diseased,yes,202,159,160,,26,dead,,,25,26,removed,26,dead,na,na,na,na,na,26,dead,na,na,na,na,na,26,dead,na,na,na,na,na,26,dead,na,na,na,na,na,26,dead,na,na,na,na,na,1
115,59,CN4,3,ok,3,4,ambient,disease,3,s_marcscens,27,122,yes,88,89,healthy,,3,27,healthy,no,,,,,healthy ,,,,,,27,healthy ,,,,,,27,healthy ,,,,,,27,healthy ,,,,,,27,healthy ,,,,,,27,healthy ,,,,,,27,healthy ,,,,,,27,healthy ,,,,,,27,healthy ,,314,,,,59
94,93,CN2,3,ok,10,15,heat,disease,3,s_marcscens,28,123,yes,90,91,healthy,,3,28,healthy,no,,,,,healthy ,,,,,,28,healthy ,,,,,,28,healthy ,,,,,,28,diseased,,,21,22,,28,diseased,,,39,40,,28,healthy ,,,,,check photos,28,healthy ,,,,,,28,healthy ,,,,,,28,healthy ,,315,,,,93
88,106,CN2,3,ok,7,11,ambient,disease,3,s_marcscens,29,124,yes,92,93,healthy,,3,29,healthy,no,,,,,healthy ,,,,,,29,healthy ,,,,,,29,healthy ,,,,,,29,healthy ,,,,,,29,healthy ,,,,,,29,healthy ,,,,,,29,healthy ,,,,,,29,healthy ,,,,,,29,healthy ,,316,,,,106
18,37,ML2,1,ok,5,9,heat,disease,3,placebo_slurry,30,"125,126",yes,94,95,healthy,,3,30,healthy,no,,,,,healthy ,,,,,,30,healthy ,,,,,,30,healthy ,,,,,,30,healthy ,,,,,,30,healthy ,,,,,,30,healthy ,,,,,,30,healthy ,,,,,,30,healthy ,,,,,,30,healthy ,,317,,,,37
74,99,CN2,2,ok,1,1,heat,disease,3,s_marcscens,31,127,yes,96,97,healthy,,3,31,diseased,no-check_tomorrow,,29,30,,diseased,,,27,28,no-check_tomorrow,31,diseased,no-check_tomorrow,,121,122,,31,diseased,yes,201,157,158,,31,dead,,,23,24,removed,31,dead,na,na,na,na,na,31,dead,na,na,na,na,na,31,dead,na,na,na,na,na,31,dead,na,na,na,na,na,31,dead,na,na,na,na,na,99
122,111,CN2,3,ok,9,13,ambient,disease,3,s_marcscens,32,128,yes,98,99,healthy,,3,32,healthy,no,,,,,healthy ,,,,,,32,healthy ,,,,,,32,healthy ,,,,,,32,healthy ,,,,,,32,healthy ,,,,,,32,healthy ,,,,,,32,healthy ,,,,,,32,healthy ,,,,,,32,healthy ,,318,,,,111
154,76,CN4,4,ok,8,12,heat,disease,3,disease_slurry,33,"129,130,131",yes,100,101,healthy,,3,33,healthy,no,,,,,healthy ,,,,,,33,healthy ,,,,,,33,healthy ,,,,,,33,healthy ,,,,,,33,healthy ,,,,,,33,healthy ,,,,,,33,healthy ,,,,,,33,healthy ,,,,,,33,healthy ,,319,,,,76
86,22,ML2,2,ok,9,13,ambient,disease,3,s_marcscens,34,132,yes,102,103,healthy,,3,34,healthy,no,,,,,healthy ,,,,,,34,healthy ,,,,,,34,healthy ,,,,,,34,healthy ,,,,,,34,healthy ,,,,,,34,healthy ,,,,,,34,healthy ,,,,,,34,healthy ,,,,,,34,healthy ,,320,,,,22
37,122,CN2,1,ok,1,1,heat,disease,3,disease_slurry,35,133,yes,104,105,healthy,,3,35,healthy,no,,,,,healthy ,,,,,,35,healthy ,,,,,,35,healthy ,,,,,,35,healthy ,,,,,,35,diseased,,,41,42,,35,diseased,,,41,42,,35,diseased,,,41,42,,35,diseased,,,41,42,,35,diseased,,321,81,82,,122
57,151,HS1,2,ok,10,15,heat,disease,3,s_m_placebo,36,134,yes,106,107,healthy,,3,36,healthy,no,,,,,diseased ,,,47,48,,36,dead,yes,199,125,126,removed,36,dead,na,na,na,na,na,36,dead,na,na,na,na,na,36,dead,na,na,na,na,na,36,dead,na,na,na,na,na,36,dead,na,na,na,na,na,36,dead,na,na,na,na,na,36,dead,na,na,na,na,na,151
163,21,ML2,4,ok,5,9,heat,disease,3,disease_slurry,37,135,yes,108,109,healthy,,3,37,healthy,no,,,,,healthy ,,,,,,37,healthy ,,,,,,37,healthy ,,,,,,37,healthy ,,,,,,37,diseased,,,43,44,,37,diseased,,,43,44,,37,diseased,,,43,44,,37,diseased,,,43,44,,37,diseased,,322,83,84,,21
77,33,ML2,2,ok,2,3,ambient,disease,3,disease_slurry,38,136,yes,110,111,healthy,,3,38,healthy,no,,,,,healthy ,,,,,,38,healthy ,,,,,,38,healthy ,,,,,,38,healthy ,,,,,,38,diseased,,,45,46,,38,diseased,,,45,46,,38,diseased,,,45,46,,38,diseased,,,45,46,,38,diseased,,323,85,86,,33
128,24,ML2,3,ok,1,1,heat,disease,3,s_m_placebo,39,"137,138",yes,112,113,healthy,,3,39,healthy,no,,,,,healthy ,,,,,,39,healthy ,,,,,,39,healthy ,,,,,,39,healthy ,,,,,,39,healthy ,,,,,,39,healthy ,,,,,,39,healthy ,,,,,,39,healthy ,,,,,,39,healthy ,,324,,,,24
87,126,HS1,3,ok,7,11,ambient,disease,3,s_m_placebo,40,"139,140",yes,114,115,healthy,split in two when sampling,3,40,healthy,no,,,,,healthy ,,,,,,40,healthy ,,,,,,40,healthy ,,,,,,40,healthy ,,,,,,40,healthy ,,,,,,40,healthy ,,,,,,40,healthy ,,,,,,40,healthy ,,,,,,40,healthy ,,325,,,,126
137,90,CN2,4,ok,9,13,ambient,disease,4,disease_slurry,1,141,yes,116,117,healthy,,4,1,healthy,no,,,,,diseased,YES,195,49,50,check_this_evening,1,diseased,,,,,,1,dead,,,,,removed,1,dead,na,na,na,na,na,1,dead,na,na,na,na,na,1,dead,na,na,na,na,na,1,dead,na,na,na,na,na,1,dead,na,na,na,na,na,1,dead,na,na,na,na,na,90
4,12,ML2,1,ok,1,1,heat,disease,4,s_marcscens,2,142,yes,118,119,healthy,,4,2,healthy,no,,,,,healthy ,,,,,,2,healthy ,,,,,,2,healthy ,,,,,,2,healthy ,,,,,,2,healthy ,,,,,,2,healthy ,,,,,,2,healthy ,,,,,,2,healthy ,,,,,,2,healthy ,,326,,,,12
172,16,ML2,4,ok,4,8,ambient,disease,4,s_marcscens,3,143,yes,120,121,healthy,,4,3,healthy,no,,,,,healthy ,,,,,,3,healthy ,,,,,,3,healthy ,,,,,,3,healthy ,,,,,,3,healthy ,,,,,,3,healthy ,,,,,,3,healthy ,,,,,,3,healthy ,,,,,,3,healthy ,,327,,,,16
24,94,CN2,1,ok,1,1,heat,disease,4,disease_slurry,4,"144,145",yes,122,123,healthy,,4,4,healthy,no,,,,,dead,YES,194,51,52,removed,4,dead,na,na,na,na,na,4,dead,na,na,na,na,na,4,dead,na,na,na,na,na,4,dead,na,na,na,na,na,4,dead,na,na,na,na,na,4,dead,na,na,na,na,na,4,dead,na,na,na,na,na,4,dead,na,na,na,na,na,94
9,63,CN4,1,ok,1,1,heat,disease,4,s_m_placebo,5,146,yes,124,125,healthy,,4,5,healthy,no,,,,,healthy ,,,,,,5,healthy ,,,,,,5,healthy ,,,,,,5,healthy ,,,,,,5,healthy ,,,,,,5,healthy ,,,,,,5,healthy ,,,,,,5,healthy ,,,,,,5,healthy ,,328,,,,63
53,42,CN4,2,ok,2,3,ambient,disease,4,disease_slurry,6,147,yes,126,127,healthy,,4,6,healthy,no,,,,,healthy ,,,,,,6,diseased,,,127,128,,6,healthy ,,,,,,6,healthy ,,,,,,6,healthy ,,,,,,6,healthy ,,,,,,6,healthy ,,,,,,6,healthy ,,,,,,6,healthy ,,329,,forgot,forgot,42
141,146,HS1,4,ok,8,12,heat,disease,4,s_marcscens,7,148,yes,128,129,healthy,,4,7,diseased,no-check_tomorrow,,33,34,,diseased,,,29,30,no-check_tomorrow,7,healthy ,,,,,,7,healthy ,,,,,,7,diseased,,,29,30,,7,diseased,,,47,48,check this evening,7,diseased,,,47,48,check this evening,7,diseased,yes,213,47,48,check this evening,7,diseased,yes,219,47,48,check this evening,7,diseased,,"330,331",,,,146
67,69,CN4,2,ok,2,3,ambient,disease,4,s_marcscens,8,149,yes,130,131,healthy,,4,8,healthy,no,,,,,healthy ,,,,,,8,healthy ,,,,,,8,healthy ,,,,,,8,healthy ,,,,,,8,healthy ,,,,,,8,healthy ,,,,,,8,healthy ,,,,,,8,healthy ,,,,,,8,healthy ,,332,,,,69
162,73,CN4,4,ok,8,12,heat,disease,4,disease_slurry,9,150,yes,132,133,healthy,,4,9,healthy,no,,,,,healthy ,,,,,,9,diseased,,,129,130,,9,dead,no-tissue,,163,164,removed,9,dead,na,na,na,na,na,9,dead,na,na,na,na,na,9,dead,na,na,na,na,na,9,dead,na,na,na,na,na,9,dead,na,na,na,na,na,9,dead,na,na,na,na,na,73
95,28,ML2,3,ok,2,3,ambient,disease,4,s_m_placebo,10,151,yes,134,135,healthy,,4,10,healthy,no,,,,,healthy ,,,,,,10,healthy ,,,,,,10,healthy ,,,,,,10,healthy ,,,,,,10,healthy ,,,,,,10,healthy ,,,,,,10,healthy ,,,,,,10,healthy ,,,,,,10,healthy ,,333,,,,28
78,184,CN4,2,ok,8,12,heat,disease,4,disease_slurry,11,152,yes,136,137,healthy,,4,11,healthy,no,,,,,healthy ,,,,,,11,healthy ,,,,,,11,diseased,,,165,166,,11,diseased,yes,205,31,32,CHECK THIS EVENING,11,diseased,,,49,50,check this evening,11,dead,,,49,50,removed,11,dead,na,na,na,na,na,11,dead,na,na,na,na,na,11,dead,na,na,na,na,na,184
140,82,CN4,4,ok,1,1,heat,disease,4,placebo_slurry,12,153,yes,138,139,healthy,,4,12,healthy,no,,,,,healthy ,,,,,,12,healthy ,,,,,,12,healthy ,,,,,,12,healthy ,,,,,,12,healthy ,,,,,,12,healthy ,,,,,,12,healthy ,,,,,,12,healthy ,,,,,,12,healthy ,,334,,,,82
32,149,HS1,1,ok,10,15,heat,disease,4,s_marcscens,13,154,yes,140,141,healthy,,4,13,healthy,no,,,,,healthy ,,,,,,13,healthy ,,,,,,13,diseased,,,167,168,,13,diseased,yes,203,33,34,,13,dead,,,51,52,removed,13,dead,na,na,na,na,na,13,dead,na,na,na,na,na,13,dead,na,na,na,na,na,13,dead,na,na,na,na,na,149
135,169,ML2,4,ok,7,11,ambient,disease,4,placebo_slurry,14,155,yes,142,143,healthy,,4,14,healthy,no,,,,,healthy ,,,,,,14,healthy ,,,,,,14,healthy ,,,,,,14,healthy ,,,,,,14,healthy ,,,,,,14,healthy ,,,,,,14,healthy ,,,,,,14,healthy ,,,,,,14,healthy ,,335,,,,169
21,153,HS1,1,ok,1,1,heat,disease,4,s_marcscens,15,156,yes,144,145,healthy,,4,15,diseased,no-check_tomorrow,,35,36,fell off plug when picture taken; reattached  ,diseased ,yes,192,31,32,,15,dead,,,,,removed,15,dead,na,na,na,na,na,15,dead,na,na,na,na,na,15,dead,na,na,na,na,na,15,dead,na,na,na,na,na,15,dead,na,na,na,na,na,15,dead,na,na,na,na,na,15,dead,na,na,na,na,na,153
120,41,ML2,3,ok,3,4,ambient,disease,4,s_m_placebo,16,157,yes,146,147,healthy,,4,16,healthy,no,,,,,healthy ,,,,,,16,healthy ,,,,,,16,healthy ,,,,,,16,healthy ,,,,,,16,healthy ,,,,,,16,healthy ,,,,,,16,healthy ,,,,,,16,healthy ,,,,,,16,healthy ,,336,,,,41
63,168,CN2,2,ok,6,10,heat,disease,4,s_m_placebo,17,158,yes,148,149,healthy,,4,17,healthy,no,,,,,healthy ,,,,,,17,healthy ,,,,,,17,healthy ,,,,,,17,healthy ,,,,,,17,healthy ,,,,,,17,healthy ,,,,,,17,healthy ,,,,,,17,healthy ,,,,,,17,healthy ,,337,,,,168
2,190,HS1,1,ok,5,9,heat,disease,4,s_marcscens,18,159,yes,150,151,healthy,,4,18,healthy,no,,,,,healthy ,,,,,,18,healthy ,,,,,,18,healthy ,,,,,,18,healthy ,,,,,,18,healthy ,,,,,,18,healthy ,,,,,,18,healthy ,,,,,,18,healthy ,,,,,,18,healthy ,,338,,,,190
132,156,HS1,4,ok,9,13,ambient,disease,4,s_marcscens,19,160,yes,152,153,healthy,,4,19,healthy,no,,,,,healthy ,,,,,,19,healthy ,,,,,,19,healthy ,,,,,,19,healthy ,,,,,,19,healthy ,,,,,,19,healthy ,,,,,,19,healthy ,,,,,,19,healthy ,,,,,,19,healthy ,,339,,,,156
93,162,HS1,3,ok,2,3,ambient,disease,4,placebo_slurry,20,161,yes,154,155,healthy,,4,20,healthy,no,,,,,diseased,YES,196,53,54,check_this_evening,20,dead,,,,,removed,20,dead,na,na,na,na,na,20,dead,na,na,na,na,na,20,dead,na,na,na,na,na,20,dead,na,na,na,na,na,20,dead,na,na,na,na,na,20,dead,na,na,na,na,na,20,dead,na,na,na,na,na,162
33,145,HS1,1,ok,1,1,heat,disease,4,placebo_slurry,21,162,yes,156,157,healthy,,4,21,healthy,no,,,,,healthy ,,,,,,21,healthy ,,,,,,21,healthy ,,,,,,21,healthy ,,,,,,21,healthy ,,,,,,21,healthy ,,,,,,21,healthy ,,,,,,21,healthy ,,,,,,21,healthy ,,340,,,,145
79,53,CN4,2,ok,2,3,ambient,disease,4,placebo_slurry,22,163,yes,158,159,healthy,,4,22,healthy,no,,,,,healthy ,,,,,,22,healthy ,,,,,,22,healthy ,,,,,,22,healthy ,,,,,,22,healthy ,,,,,,22,healthy ,,,,,,22,healthy ,,,,,,22,healthy ,,,,,,22,healthy ,,341,,,,53
46,101,CN2,2,ok,1,1,heat,disease,4,placebo_slurry,23,164,yes,160,161,healthy,,4,23,healthy,no,,,,,healthy ,,,,,,23,healthy ,,,,,,23,healthy ,,,,,,23,healthy ,,,,,,23,healthy ,,,,,,23,healthy ,,,,,,23,healthy ,,,,,,23,healthy ,,,,,,23,healthy ,,342,,,,101
65,141,HS1,2,ok,3,4,ambient,disease,4,placebo_slurry,24,165,yes,162,163,healthy,,4,24,healthy,no,,,,,healthy ,,,,,,24,healthy ,,,,,,24,healthy ,,,,,,24,healthy ,,,,,,24,healthy ,,,,,,24,healthy ,,,,,,24,healthy ,,,,,,24,healthy ,,,,,,24,healthy ,,343,,,,141
104,110,CN2,3,ok,2,3,ambient,disease,4,s_m_placebo,25,166,yes,164,165,healthy,split in two when sampling,4,25,healthy,no,,,,,healthy ,,,,,,25,healthy ,,,,,,25,healthy ,,,,,,25,healthy ,,,,,,25,healthy ,,,,,fell off plug,25,healthy ,,,,,,25,healthy ,,,,,,25,healthy ,,,,,,25,healthy ,,344,,,,110
47,152,HS1,2,ok,2,3,ambient,disease,4,s_m_placebo,26,167,yes,166,167,healthy,,4,26,healthy,no,,,,,healthy ,,,,,,26,healthy ,,,,,,26,healthy ,,,,,,26,healthy ,,,,,,26,healthy ,,,,,,26,healthy ,,,,,,26,healthy ,,,,,,26,healthy ,,,,,,26,healthy ,,345,,,,152
17,40,ML2,1,ok,8,12,heat,disease,4,disease_slurry,27,168,yes,168,169,healthy,,4,27,healthy,no,,,,,healthy ,,,,,,27,healthy ,,,,,,27,healthy ,,,,,,27,healthy ,,,,,,27,healthy ,,,,,,27,healthy ,,,,,,27,diseased,,,49,50,,27,diseased,,,49,50,,27,diseased,,"346,347",,,,40
161,78,CN4,4,ok,10,15,heat,disease,4,s_m_placebo,28,169,yes,170,171,healthy,,4,28,healthy,no,,,,,healthy ,,,,,,28,healthy ,,,,,,28,healthy ,,,,,,28,healthy ,,,,,,28,healthy ,,,,,,28,healthy ,,,,,,28,healthy ,,,,,,28,healthy ,,,,,,28,healthy ,,348,,,,78
138,83,CN2,4,ok,6,10,heat,disease,4,s_m_placebo,29,170,yes,172,173,healthy,,4,29,healthy,no,,,,,healthy ,,,,,,29,healthy ,,,,,,29,healthy ,,,,,,29,healthy ,,,,,,29,healthy ,,,,,,29,healthy ,,,,,,29,healthy ,,,,,,29,healthy ,,,,,,29,healthy ,,349,,,,83
103,57,CN4,3,ok,3,4,ambient,disease,4,s_m_placebo,30,171,yes,174,175,healthy,,4,30,healthy,no,,,,,healthy ,,,,,,30,healthy ,,,,,,30,healthy ,,,,,,30,healthy ,,,,,,30,healthy ,,,,,,30,healthy ,,,,,,30,healthy ,,,,,,30,healthy ,,,,,,30,healthy ,,350,,,,57
157,44,CN4,4,ok,4,8,ambient,disease,4,disease_slurry,31,"172,173",yes,176,177,healthy,,4,31,healthy,no,,,,,healthy ,,,,,,31,healthy ,,,,,,31,healthy ,,,,,,31,healthy ,,,,,,31,healthy ,,,,,,31,healthy ,,,,,,31,healthy ,,,,,,31,healthy ,,,,,,31,healthy ,,351,,,,44
44,84,CN2,2,ok,7,11,ambient,disease,4,s_m_placebo,32,174,yes,178,179,healthy,,4,32,healthy,no,,,,,healthy ,,,,,,32,healthy ,,,,,,32,healthy ,,,,,,32,healthy ,,,,,,32,healthy ,,,,,,32,healthy ,,,,,,32,healthy ,,,,,,32,healthy ,,,,,,32,healthy ,,352,,,,84
171,112,CN2,4,ok,3,4,ambient,disease,4,s_m_placebo,33,175,yes,180,181,healthy,,4,33,healthy,no,,,,,healthy ,,,,,,33,healthy ,,,,,,33,healthy ,,,,,,33,healthy ,,,,,,33,healthy ,,,,,,33,healthy ,,,,,,33,healthy ,,,,,,33,healthy ,,,,,,33,healthy ,,"355,356",,,,112
147,129,HS1,4,ok,9,13,ambient,disease,4,placebo_slurry,34,176,yes,182,183,healthy,,4,34,healthy,no,,,,,healthy ,,,,,,34,healthy ,,,,,,34,healthy ,,,,,,34,healthy ,,,,,,34,healthy ,,,,,,34,healthy ,,,,,,34,healthy ,,,,,,34,healthy ,,,,,,34,healthy ,,353,,,,129
130,172,ML2,3,ok,10,15,heat,disease,4,placebo_slurry,35,177,yes,184,185,healthy,,4,35,healthy,no,,,,,healthy ,,,,,,35,healthy ,,,,,,35,healthy ,,,,,,35,healthy ,,,,,,35,healthy ,,,,,,35,healthy ,,,,,,35,healthy ,,,,,,35,healthy ,,,,,,35,healthy ,,354,,,,172
110,25,ML2,3,ok,5,9,heat,disease,4,placebo_slurry,36,,yes,na,na,na,dead-no_sample,4,36,na,na,na,na,na,na,na,na,na,na,na,na,36,na,na,na,na,na,na,36,na,na,na,na,na,na,36,na,na,na,na,na,na,36,na,na,na,na,na,na,36,na,na,na,na,na,na,36,na,na,na,na,na,na,36,na,na,na,na,na,na,36,na,na,na,na,na,na,25
121,123,CN2,3,ok,4,8,ambient,disease,4,disease_slurry,37,178,yes,186,187,healthy,,4,37,healthy,no,,,,,healthy ,,,,,,37,healthy ,,,,,,37,healthy ,,,,,,37,diseased,,,37,38,,37,diseased,,,55,56,,37,dead,yes,209,51,52,,37,dead,na,na,na,na,na,37,dead,na,na,na,na,na,37,dead,na,na,na,na,na,123
102,10,ML2,3,ok,9,13,ambient,disease,4,placebo_slurry,38,179,yes,188,189,healthy,,4,38,healthy,no,,,,,healthy ,,,,,,38,healthy ,,,,,,38,healthy ,,,,,,38,healthy ,,,,,,38,healthy ,,,,,,38,healthy ,,,,,,38,healthy ,,,,,,38,healthy ,,,,,,38,,,"357,358",,,,10
170,31,ML2,4,ok,1,1,heat,disease,4,s_m_placebo,39,180,yes,190,191,healthy,,4,39,healthy,no,,,,,healthy ,,,,,,39,healthy ,,,,,,39,healthy ,,,,,,39,healthy ,,,,,,39,healthy ,,,,,,39,healthy ,,,,,,39,healthy ,,,,,,39,healthy ,,,,,,39,,,"359,360",,,,31
90,95,CN2,3,ok,8,12,heat,disease,4,s_marcscens,40,"181,182",yes,192,193,healthy,,4,40,healthy,no,,,,,diseased,,,55,56,,40,diseased,yes,200,131,132,,40,diseased,,,169,170, ,40,diseased,,,35,36,,40,diseased,,,53,54,,40,diseased,,,53,54,check this evening,40,diseased,yes,212,51,52,check this evening,40,dead,,,51,52,removed,40,dead,na,na,na,na,na,95
39,166,CN2,1,ok,5,9,heat,,,,,,,,,,,,,,,,,,,,,,,,,,,,,,,,,,,,,,,,,,,,,,,,,,,,,,,,,,,,,,,,,,,,,,,,,,,,,,,,,
165,62,CN4,4,ok,6,10,heat,,,,,,,,,,,,,,,,,,,,,,,,,,,,,,,,,,,,,,,,,,,,,,,,,,,,,,,,,,,,,,,,,,,,,,,,,,,,,,,,,
158,65,CN4,4,ok,5,9,heat,,,,,,,,,,,,,,,,,,,,,,,,,,,,,,,,,,,,,,,,,,,,,,,,,,,,,,,,,,,,,,,,,,,,,,,,,,,,,,,,,
118,175,CN4,3,ok,10,15,heat,,,,,,,,,,,,,,,,,,,,,,,,,,,,,,,,,,,,,,,,,,,,,,,,,,,,,,,,,,,,,,,,,,,,,,,,,,,,,,,,,